{"cameraMode":{"drawMode":0,"name":"Shaded","section":"Shading Mode"},"sceneLighting":true,"audioPlay":false,"sceneViewState":{"m_AlwaysRefresh":false,"showFog":true,"showSkybox":true,"showFlares":true,"showImageEffects":true,"showParticleSystems":true,"showVisualEffectGraphs":true,"m_FxEnabled":true},"in2DMode":false,"pivot":{"x":777.16259765625,"y":206.37484741210938,"z":136.51516723632813},"rotation":{"x":-0.20434266328811646,"y":0.012639336287975312,"z":-0.002638660604134202,"w":-0.9788146018981934},"size":389.2580871582031,"orthographic":false}