{"cameraMode":{"drawMode":0,"name":"Shaded","section":"Shading Mode"},"sceneLighting":true,"audioPlay":false,"sceneViewState":{"m_AlwaysRefresh":false,"showFog":true,"showSkybox":true,"showFlares":true,"showImageEffects":true,"showParticleSystems":true,"showVisualEffectGraphs":true,"m_FxEnabled":true},"in2DMode":false,"pivot":{"x":-2.882075309753418,"y":-10.270387649536133,"z":24.04137420654297},"rotation":{"x":0.15890765190124513,"y":-0.12111172080039978,"z":0.019645553082227708,"w":0.9796403050422669},"size":25.803462982177736,"orthographic":false}